{"cameraMode":{"drawMode":0,"name":"Shaded","section":"Shading Mode"},"sceneLighting":true,"audioPlay":false,"sceneViewState":{"m_AlwaysRefresh":false,"showFog":true,"showSkybox":true,"showFlares":true,"showImageEffects":true,"showParticleSystems":true,"showVisualEffectGraphs":true,"m_FxEnabled":true},"in2DMode":false,"pivot":{"x":-41.076812744140628,"y":76.58474731445313,"z":190.55679321289063},"rotation":{"x":-0.012872222810983658,"y":0.7110071182250977,"z":-0.013020011596381665,"w":-0.7029471397399902},"size":118.93490600585938,"orthographic":false}